<?xml version="1.0" encoding="UTF-8" standalone="yes"?>
<addon id="service.boot.video" name="Boot Video Service" version="0.0.2" provider-name="snoopyjoe">
  <requires>
    <import addon="xbmc.python" version="3.0.0"/>
  </requires>
  <extension point="xbmc.service" library="service.py" start="startup" />
  <extension point="xbmc.addon.metadata">
    <platform>all</platform>
    <summary lang="en">Add startup video to Kodi</summary>
    <news>
-      Add "Repeat and Random" to player controls
-      Choose video, picture or python file type to boot
    </news>
  </extension>
</addon>
