<?xml version="1.0" encoding="UTF-8" standalone="yes"?>
<addon id="repository.909" name=" The[COLOR blue][B]9o9[/B][/COLOR]Repo" version="1.0.1" provider-name="Zaxxon709">
    <extension point="xbmc.addon.repository" name="The9o9Repo">
        <dir>
            <info compressed="false">https://dr-venture.com/709/909repo/zips/addons.xml</info>
            <checksum>https://dr-venture.com/709/909repo/zips/addons.xml.md5</checksum>
            <datadir zip="true">https://dr-venture.com/709/909repo/zips/</datadir>
        </dir>
    </extension>
    <extension point="xbmc.addon.metadata">
        <summary>The 9o9Repo</summary>
        <description>Build Specific Add-ons Repository for 7o9</description>
        <disclaimer></disclaimer>
        <platform>all</platform>
        <assets>
            <icon>icon.png</icon>
            <fanart>fanart.jpg</fanart>
        </assets>
    </extension>
</addon>
