<?xml version="1.0" encoding="UTF-8" standalone="yes"?>
<addon id="repository.dappe" name="Dappes Addons Repository" version="0.0.1" provider-name="Stekpet">
    <extension point="xbmc.addon.repository" name="Dappes Addons Repository">
        <dir>
            <info compressed="false">https://raw.githubusercontent.com/stekpet/repository.dappes/master/repo/zips/addons.xml</info>
            <checksum>https://raw.githubusercontent.com/stekpet/repository.dappes/master/repo/zips/addons.xml.md5</checksum>
            <datadir zip="true">https://raw.githubusercontent.com/stekpet/repository.dappes/master/repo/zips/</datadir>
        </dir>
    </extension>
    <extension point="xbmc.addon.metadata">
       <summary lang="en">Dappes Addons Repository</summary>
		<description>A private collection of my personal and modified go-to addons. Don't use it. If you do,it's at your own risk. </description>
		<disclaimer lang="en">This repository nor the addons within does not form part of the Kodi Media Centre. Please do not seek assistance with this repository or the addons from any of the Official Kodi Support Channels. The authors do not host any of the content in these add-ons and take no responsibility for the content found.</disclaimer>
		<language>en</language>
		<platform>all</platform>
		<assets>
			<icon>icon.png</icon>
			<fanart>fanart.png</fanart>
			<screenshot>screenshot-01.png</screenshot>
            <screenshot>screenshot-02.png</screenshot>
            <screenshot>screenshot-03.png</screenshot>
        </assets>
    </extension>
</addon>